Title,AccessionNumber,Species_Name,Sequence
"KY856667.1 Phaethornis aethopygus voucher MPEG 70069 NADH dehydrogenase subunit 2 (ND2) gene, partial cds; mitochondrial",KY856667.1,Phaethornis aethopygus,CCCCTATGCCAAATTAACATTCTCCCTAAGCCTCATCCTAGGAACAACCATTACCATCTCAAGCAACCACTGAATGATGGCCTGAACTGGACTTGAAATTAACACCCTAGCCATCATCCCCCTTATCTCAAAGCACCACCACCCGCGAGCTATCGAAGCAGCAATCAAATACTTCCTAACCCAAGCAGCTGCCTCAACACTCCTTCTATTCTCAAGCACAATCAATGCCTGACACACAGGACAGTGAGATATTACCCAACTAAGTCACCCCACAGCCTCCCTACTCCTTACCACAGCAATTGCAATAAAACTTGGCTTAGTACCATTCCACTTCTGATTTCCGGAAGTCCTACAAGGCTCCCCCCTAACCACCGCCATACTACTATCAACAGTGATAAAATTTCCCCCAATTACCATCCTCCTTCTCACATCTCACTCACTAAACCCCGCCCTACTTACCACAATAGCAATTGCCTCCGCTGCACTTGGGGGCTGAATAGGGTTAAACCAGACACAAATCCGAAAAATCCTAGCCTTCTCCTCAATTTCACACCTGGGCTGAATAACCATTATCCTCATCTTCAACCCAAAACTGACACTATTAACATTCTATCTATACTGCTTCATAACCGCCGCCATCTTCCTGACCCTGAACACAACAAAATCACTAAAACTATCAACAATAATAACTTCCTGAACAAAAGCCCCAACACTAAACGCATCTTTAATAATAACACTATTATCACTAGCAGGCCTGCCCCCGCTGACAGGATTCCTTCCCAAATGACTCATTATCCAAGAACTATCTAAACAAGAAATAACTCCTACCGCTACAATTATTGCCATCCTCTCCCTACTAAGCTTATTCTTCTATCTCCGCCTAGCTTATTACTCAACAATTACCCTTCCACCCAACCCTATAAACCACATAAAACAATGACATGTTAGCAAGCCTACAAATACCCTAATCGCCACACTCATCACCCTATCAACCCTCCTTCTCCCAATGTCCCCAATAATCCTCGCCACCATCTA
"EU042574.1 Phaethornis anthophilus voucher UMMZ 599 NADH dehydrogenase subunit 2 (ND2) gene, complete cds; mitochondrial",EU042574.1,Phaethornis anthophilus,ATGAACCCTTATGCTAAATTAACATTCTCCCTAAGCCTAATCCTAGGGACAACCATCACTATCTCAAGCAACCATTGAATAACAGCCTGAACTGGACTTGAAATCAACACCCTAGCCATCATCCCCCTCATTTCAAAGCAGCACCACCCACGAGCCATCGAAGCAGCAATCAAGTACTTCCTAACCCAAGCAGCTGCCTCAACACTTCTCCTCTTCTCAAGCACAATCAATGCCTGACACACAGGACAATGAGACATCACCCAGCTAAGTCACCCCACAGCCTCCTTACTCCTTACCGCAGCAATTGCAATAAAACTAGGCCTAGTACCATTCCACTTCTGATTCCCAGAAGTTCTACAAGGCTCCCCCCTAACCGCCGCAATACTACTATCAACAGTAATAAAATTCCCCCCAATCACCATCCTCCTTCTCACATCCCATTCACTAAACCCCACCCTACTCACCACAATAGCAATTGCCTCCGCTGCACTCGGGGGCTGAATAGGATTAAACCAGACACAAATCCGAAAAATCCTAGCCTTCTCCTCAATCTCTCACCTAGGCTGAATAACTATTATCCTCATCTACAATCCAAAACTGACACTACTAACATTCTATCTATACTGCTTCATAACCGCCGCTATTTTCCTAGCCCTAAACACAACAAAATCGCTAAAACTATCAACAATAATAACTTCCTGAACAAAAACTCCAACACTAAACGCATCTCTAATAGTAACATTACTGTCACTAGCAGGCCTACCCCCACTAACAGGCTTCCTTCCCAAATGACTCATCATCCAAGAACTTTCTAAGCAAGAAATAACTTCTACCGCTACAATCATCGCCATCTTGTCCTTACTAAGCCTATTCTTCTATCTCCGCCTAGCTTACTACTCAACAATCACCCTTCCACCCAACCCCATAAACCATATAAAACAATGATATGCTAACAAGCCTACAAATACCCTAATCGCCACACTCATCTCCCTATCAACCCTCCTACTCCCAATGTCCCCAATAATCCTCGCCTCCATCTAG
"EU042575.1 Phaethornis atrimentalis voucher LSUMZ B-1969 NADH dehydrogenase subunit 2 (ND2) gene, complete cds; mitochondrial",EU042575.1,Phaethornis atrimentalis,ATGAACCCCTATGCCAAATTAACATTCTCCCTAAGCCTTATCCTAGGGACAACCATTACCATCTCAAGCAACCACTGAATGATGGCCTGAACTGGACTTGAAATCAACACCCTAGCCATCATCCCCCTTATTTCAAAGCACCACCACCCACGAGCTATCGAAGCAGCAATCAAATACTTCCTGACCCAGGCAGCTGCCTCAACACTCCTTCTATTCTCCAGCACAATCAATGCTTGACACACAGGACAATGAGATATTACCCAACTAAGTCACCCCACGGCCTCCCTACTTCTTACCACGGCAATTGCAATAAAACTTGGCTTGGTACCATTCCACTTCTGATTTCCAGAAGTCCTACAAGGCTCCCCCCTAACCACCGCAATACTACTATCAACAGTAATAAAATTTCCCCCAATTACCATCCTCCTTCTCACATCCCATTCACTAAACCCCACCCTACTTACCACAATAGCAATTGCCTCCGCTGCACTTGGGGGCTGAATAGGGTTAAACCAAACACAAATCCGAAAAATCCTAGCCTTCTCCTCAATTTCACACTTGGGCTGAATAACTATCATCCTCATCTATAACCCAAAACTGACACTACTAACATTCTACCTATACTGCTTCATAACCGCCGGCATCTTCCTAACCCTGAACACAACAAAATCACTAAAACTATCAACAGTAATAACTTCCTGAGCAAAAACCCCAACACTAAGCGCATCTTTAATGATAACACTATTATCACTAGCAGGCCTGCCCCCACTAACAGGATTCCTTCCCAAATGACTCATTATCCAAGAGCTATCTAAACAAGAAATAACTCCTNCCGCCACAATTATCGCTATCCTCTCCCTACTAAGCCTATTCTTCTATCTCCGCCTAGCTTATTACTCAACAATTACCCTTCCACCCAACCCCACAAACCACATAAAACAATGATATGTTAGCAAGCCCACAAATACCCTAATCGCCACACTCATCACCCTATCAACCCTCCTTCTCCCAATGTCCCCAATAATCCTCGCCTCCATCTAG
"EU042576.1 Phaethornis augusti voucher UMMZ 604 NADH dehydrogenase subunit 2 (ND2) gene, complete cds; mitochondrial",EU042576.1,Phaethornis augusti,ATGAACCCCTATGCTAAATTAACATTCTCCCTAAGTCTTATCCTAGGAACAACCATTACTATTTCAAGCAACCATTGAATGATAGCCTGAACTGGACTAGAAATCAACACCTTAGCCATCATCCCTCTCATTTCAAAGCACCACCACCCACGAGCTATCGAAGCAGCAATCAAATATTTTCTAGTCCAAGCAGCCGCCTCAACGCTCTTCCTTTTCGCAAGCACAATCAATGCCTGGCACACAGGACAATGGGACATCACCCAACTAAGTCACCCCACATCCTCTTTACTCTTAACCACAGCAATCGCAATAAAACTAGGCCTAGTGCCATTTCACTTCTGATTCCCAGAAGTTTTACAAGGCTCTCCCCTAGCTACCGCAATACTCCTATCAACAGTAATAAAATTCCCCCCAATTACCATCCTCCTCCTCACATCCCACTCACTAAACTCTACTCTGCTTACCACAATAGCAATTGCCTCTGCTGCACTCGGGGGCTGAATAGGACTAAACCAAACACAAATCCGAAAAATTCTAGCCTTCTCCTCAATCTCACACCTAGGCTGAATAACTATTATTCTCATCTACAATCCAAAACTAACACTAATAACATTCTATCTATACTGTATCATAACTGCCGCCATCTTCCTAACGCTAAATGCAACAAAATCACTAAAACTATCAACAATAATAACCTCTTGAACAAAGACCCCAACACTAAACGCATCCCTAATAGTAGCATTATTATCACTAGCAGGTCTACCCCCACTAACAGGATTCCTCCCCAAATGACTCATCATCCAAGAACTTTCTAAACAAGAAATAACCACCACCGCCACAATCATCGCCATCCTATCCCTACTAAGCTTATTCTTCTATCTCCGCCTAGCTTACTACTCAACAATCACCCTACCACCCAACCCCACGAACTATATAAAACAATGATATACTAACAAGCCTGTGTACACCCTAATCGCCACACTTATTTCCCTATCAACCCTCCTACTCCCAACGTCCCCAATAATCCTCGCCTCCATCTAG
"KY856680.1 Phaethornis bourcieri major voucher MPEG 65551 NADH dehydrogenase subunit 2 (ND2) gene, partial cds; mitochondrial",KY856680.1,Phaethornis bourcieri,CCCCTACGCTAAATTAACGTTCTCCTTAAGTCTTGCTCTAGGGACAATCATCACCCTCTCAAGCAACCATTGAATAATGGCTTGAACTGGACTTGAAATTAACACCCTAGCCATCATCCCCCTCATTTCAAAACACCACCACCCACGAGCTATCGAAGCAGCAATCAAATACTTTCTAGTCCAAGCAGCCGCCTCAACACTCCTCCTCTTCTCGGGCACAATCAATGCCTGACATACGGGACAATGAGACATTACTCAACTAAGTCACCCCACATCCTCTTTACTCTTAACCACAGCAATCGCAATAAAACTTGGCCTAGTACCATTCCACTTCTGATTCCCAGAAGTCCTACAAGGCTCCCCCCTAACCACCGCAATACTATTGTCAACAGTAATAAAATTCCCCCCAATTTCCATTCTCCTCCTCACATCCCACTCACTAAACCCCACCCTACTTACCACAATAGCAATTGCCTCCGCCGCACTCGGAGGTTGAATGGGACTAAACCAGACACAAATCCGAAAGATCTTAGCCTTCTCCTCAATTTCACACTTAGGCTGAATAACTATTATTCTCATCTACAACCCAAAACTAACACTAACAACATTCTATTTATACTGTATTATAACCGCCGCCATCTTCCTAACTCTGAACACAACAAAATCATTAAAACTATCAACAATAATAACTTCTTGAGCAAAAGCCCCAACACTAAATGCGTCCCTAATAGTAACACTACTATCACTAGCAGGCCTGCCCCCACTAACAGGATTCCTCCCTAAATGACTCATTATCCAAGAACTCTCCAAACAAGAAATAACTACCACCGCCACAATTATCGCTATCCTATCACTCCTAAGCTTATTTTTCTACCTCCGCCTAGCTTACTACTCAACAATCACCCTTCCACCCTGCCCCATAAACCATATAAAACAATGATACGCTAGCAAGCCTACAAACACCACAATCGCCATACTTATCTCCCTATCAGCCCTCCTACTCCCAACATCCCCAATAATCCTCGCCTCCATCTA
"EU042578.1 Phaethornis griseogularis voucher AMNH PEP 1971 NADH dehydrogenase subunit 2 (ND2) gene, partial cds; mitochondrial",EU042578.1,Phaethornis griseogularis,ATGAACCCCTATGCCGAATTAACATTCTCCCTGAGCCTCGCTCTAGGAACAACCATTACCATCTCAAGCAACCACTGAATGATGGCCTGAACTGGACTTGAAATTAACACCCTAGCCATCATCCCCCTCATTTCAAAGCACCACCACCCACGAGCCATCGAAGCAGCAATCAAATACTTCCTAACCCAAGCTGCCGCCTCAACACTCCTTCTATTCTCAAGCACAATCAATGCCTGACACACAGGACAATGAGATATTACCCAACTAAGTCACCCCACAGCCTCCTTACTCCTTACCACAGCAATTGCAATAAAACTTGGCTTAGTGCCATTCCACTTCTGATTTCCAGAAGTCCTACAAGGCTCCCCCCTAACCACCGCAATACTACTATCAACAGTAATAAAATTTCCCCCAATTACCATCCTCCTTCTCACATCCCATTCACTAAATCCCACCCTACTTACCACAATAGCAATTGCCTCCGCCGCACTTGGGGGCTGAATAGGGTTAAACCAAACACAAATCCGAAAAATCCTAGCCTTCTCANNNNNNTCCCACCTAGGCTGAATAACTATCATCCTCATCTACAACCCAAAACTGACACTACTAACATTCTATCTGTACTGCTTCATAACCGCCGCCATCTTCCTGACCCTGAACACAASAAAATCACTAAAACTATCAACAATAATAACCTCCTGAACTAAAACCCCAACACTAAACGCATCTTTAATAATAACACTATTATCACTAGCGGGTCTACCCCCACTAACAGGATTCCTTCCCAAATGACTCATTATCCAAGAACTATCTAAACAAGAAACAACCCCTACCGCCACAATCATTGCCATCCTCTCCCTACTAAGCTTATTCTTCTATCTCCGCCTAGCTTATTACTCAACAATTACCCTTCCACCCAACCCCACAAACCACATAAAACAATGATATGTTAACAAGCCTACAAATACCCTAATCGCCACAYTCATCGCCCTATCAACCCTCCTTCTCCCAATATCCCCAATAATCCTCGCCNCCTTCTGA
"KJ602278.1 Phaethornis guy voucher JVLP_35 NADH dehydrogenase subunit 2 (ND2) gene, partial cds; mitochondrial",KJ602278.1,Phaethornis guy,ATGAACCCCTACGCTAAACTAGCATTCTCCCTAAGTCTCATCCTAGGAACAACCCTCACCATCTCAAGCAACCATTGAATGATAGCCTGAACCGGACTTGAGATCAACACCCTAGCCATCATCCCCCTCATTTCAAAGCACCACCACCCACGAGCCATCGAAGCAGCGATCAAATACTTTCTGGTCCAAGCAGCTGCCTCAACACTTCTTCTTTTCTCGAGCACAATCAATGCCTGACACACAGGACAATGAGATATCACCCAACTAAATCACCCCACATCCTCCCTTCTCTTAACCGCAGCAGTCGCAATAAAACTAGGCCTAGTACCATTCCACTTCTGATTCCCAGAAGTCCTTCAAGGCTCCCCCCTAACCACCGCAATACTACTATCAACAGTAATAAAATTTCCCCCAATTACCATTCTCCTCCTCACATCCCACTCACTAAACCCAACCCTACTAACCATAATGGCAATCGCCTCTGCCGCACTTGGAGGCTGAATGGGACTAAACCAAACACAAATTCGAAAAATCCTAGCCTTCTCCTCAATTTCACATCTGGGCTGAATAACTATCATCCTCATCTACAACCCAAAACTGACACTAATGACATTCTATCTATACTGCGTCATAACCGCCGCTATCTTCTTAACCCTAAATACAACAAAATCACTAAAACTATCAACAATAATAACTTCTTGAGCAAAAACCCCCACACTAAACGCATCTCTAATAGTGACGCTACTATCACTAGCTGGTCTACCCCCACTAACAGGATTCCTCCCCAAGTGACTCATCATCCAAGAACTCTCTAAGCAAGATATAACAACCACCGCCACAATCATCGCCCTTCTATCCCTACTAAGCCTATTTTTCTACCTCCGCTTAGCTTACTACTCAACAATTACCCTTCCACCCAGCCCCACGAACCATATAAAACAATGATACACTAGCAAGCCTGCAAACACTCTAATCGCCACACTTACCTCCCTATCAACCCTCCTACTCCCAATGTCCCCAATAATCCTCGCCTCCATCTA
"KJ602280.1 Phaethornis hispidus voucher LSUMZ_B-18142 NADH dehydrogenase subunit 2 (ND2) gene, partial cds; mitochondrial",KJ602280.1,Phaethornis hispidus,ATGAACCCCTACGCTAAATTAACATTCTCCCTAAGCCTTGCCCTAGGAACAACTATTACTATCTCAAGTAGCCATTGAATAATAGCCTGAACCGGACTTGAAATCAACACCCTAGCCATCATCCCCCTCATTTCAAAGCATCACCACCCACGAGCTACCGAAGCAGCAATCAAATACTTTCTAGTCCAAGCAGCTGCCTCTACACTCCTCCTTTTCTCAAGCATAATCAATGCTTGATACACAGGACAGTGAGACATTACCCAATTAAATCACCCTACATCCTCCCTACTCTTAACCACAGCAATCGCAATAAAACTAGGCCTAGTGCCATTCCACTTCTGATTCCCAGAAGTCCTACAAGGCTCCCCCCTGACCACCGCAATACTTCTATCAACAGTAATAAAATTCCCCCCAATTACCATTCTCCTCCTCACATCCCACTCACTAAACCCCACCCTACTTACCACAATAGCAATCGCCTCTGCTGCACTTGGGGGCGGAATAGGACTAAACCAAACACAAATCCGAAAAATCCTAGCCTTCTCTTCAATTTCACACTTGGGCTGAATAACCATCACCCTCATCTACAACCCAAAACTGACACTAATTACATTCTATCTGTACTGTATCATAACTGCCGCCATCTTCCTAACCCTTAATACAACAAAATCGCTAAAACTATCAACAATAATGACTTCTTGAACTAAAACCCCAACACTAAACGCATCTCTACTGATAACGCTACTATCACTAGCAGGCCTACCCCCACTAACAGGATTCCTTCCCAAGTGACTTATCATCCAAGAACTATCTAAACAAGAAATAACTACCGCCGCCACAATTATTGCTATCCTCTCCCTACTAAGCTTATTTTTCTACCTCCGCCTGGCTTACTACTCAACAATCACCCTCCCACCTAACCCTGCAAACCACATAAAACAATGACACACTAGCAAGCCTACAAACATTCTAATTGCCACACTTATCTCCTTATCAACCCTCCTGCTCCCAATATCCCCAATAATCCTCGCCTCCATCTA
"KJ602282.1 Phaethornis koepckeae voucher LSUMZ_B-5398 NADH dehydrogenase subunit 2 (ND2) gene, partial cds; mitochondrial",KJ602282.1,Phaethornis koepckeae,ATGAACCCCTACGCTAAATTAACCTTCTCCTTAAGTCTTGCCCTAGGAACAATCATTACCATCTCAAGCAACCACTGAATAATGGCTTGAACTGGACTTGAAATCAACACCCTAGCCATCATCCCCCTTATTTCAAAACACCACCACCCACGAGCTATCGAAGCAGCAATCAAATACTTTCTAGTTCAAGCAGCCGCCTCAACACTCCTTCTCTTCTCAGGCGCAATCAATGCTTGACACACAGGACAATGAGACATTACTCAACTAAGTCACCCCACATCCTCCTTGCTCTTAACCGCAGCAATCGCAATAAAACTGGGCCTAGTACCATTCCACTTCTGATTCCCAGAAGTCTTACAAGGCTCCCCCCTAACCACCGCAATACTACTATCAACAGTAATAAAATTCCCCCCAATTTCCATTCTCCTCCTCACATCCCACTCACTAAACCCCGCCCTACTTACCACAATAGCAATCGCCTCCGCCGCACTCGGAGGTTGAATGGGGCTAAACCAGACACAAATCCGAAAAATCCTAGCCTTCTCCTCAATTTCACACTTAGGCTGAATAACTATCATTCTCATCTACAACCCAAAACTAACACTAACAACATTCTATTTATACTGCATTATAACCATCGCCATCTTCCTAACTCTAAACACAACAAAATCCTTAAAACTGTCGACAATAATAACCTCCTGAACAAAAGCCCCAACACTAAATGCATCTCTAATAGTAGCACTACTATCACTAGCAGGCCTACCCCCACTAACAGGATTCCTCCCTAAATGGCTCATCATCCAGGAACTCTCCAAGCAAGAAATAACCACCACAGCCACAATTATCGCCATCCTATCCTTACTAAGCTTATTTTTCTACCTCCGCCTAGCCTACTACTCAACAATCACCCTTCCACCTAGCCCCACAAACCATATAAAACAATGATACGCTAGCAAACCCACAAACATCATAATCGCCACACTCATCTCCCTATCAGCCCTCCTACTCCCTACATCCCCAATAATCCTCGCCTCCATCTA
"FJ231531.1 Phaethornis longirostris voucher UAM 20761 NADH dehydrogenase subunit 2 (ND2) gene, complete cds; mitochondrial",FJ231531.1,Phaethornis longirostris,ATGAACCCCTATGCTAAACTAGCATTCTCCCTAAGTCTCATCCTAGGGACAACCCTTACCATCTCAAGCAACCATTGAGTAATAGCCTGGACTGGCCTTGAGATTAACACCCTAGCCATCATCCCCCTTATTTCAAAACACCACCACCCACGAGCCATCGAAGCAGCAATCAAATACTTCCTAGTCCAGGCAGCTGCCTCAACGCTCCTTCTTTTCTCAAGCACAATCAATGCTTGACACACAGGACAATGAGATATCACCCAACTAAACCACCCAACATCCTCCCTGCTCCTAACCACAGCAATCGCAATAAAATTAGGCCTAGTACCATTCCACTTCTGATTCCCAGAAGTCCTACAAGGCTCCCCTCTAACCACCGCAATACTACTATCAACAGTAATAAAATTTCCCCCAATTACCATTCTCCTCCTCACATCTCACTCGCTAAACCCCACCCTACTTACTATAATAGCAATTGCCTCCGCTGCACTCGGAGGCTGAATGGGGCTAAACCAGACACAAATCCGAAAAATCCTAGCCTTCTCCTCAATCTCACACTTGGGTTGAATAACCATCATTCTCATCTACAACCCAAAACTAACACTAATAACATTCTACCTATACTGCATCATAACCGCCGCCATCTTCTTGACCCTAAATACAACAAAATCATTAAAACTATCTACAATAATAACTTCCTGAACAAAAACCCCTACACTAAACGCGTCCCTAATAATGACACTTCTATCACTAGCAGGCCTACCCCCACTAACAGGATTCCTCCCCAAGTGGCTCATCATCCAAGAACTCTCTAAACAAGAAATAACTTCCACCGCCACAATCGTCGCCCTCCTATCCCTACTAAGCCTATTCTTTTACCTCCGCTTAGCCTACTACTCAACAATCACCCTTCCACCCAACCCCACAAACCACATAAAACAATGATACACTAGCAAGCCCACAAATACTCTAATCGCTACACTCATCTCCCTATCAACCCTCCTACTCCCAATGTCTCCAATAATCCTCGCCTCCATTTAG
"MT437306.1 Phaethornis malaris voucher MZUSP 85820 PE NADH dehydrogenase subunit 2 (ND2) gene, partial cds; mitochondrial",MT437306.1,Phaethornis malaris,ATGAACCCCTATGCTAAATTAGCATTCTCCCTAAGTCTTATCCTAGGAACAACCCTCACCATCTCAAGCAACCATTGAATAATAGCCTGAACCGGACTTGAAATCAACACCCTAGCCATCATCCCCCTCATTTCGAAGCACCATCACCCACGAGCCATCGAGGCAGCAATCAAATACTTTCTAGTCCAGGCAGCTGCCTCAACACTTCTTCTTTTCTCAAGCACAATCAATGCTTGACACACAGGACAATGGGACATTACCCAGTTAAATCACCCCACATCCTCCCTACTCTTAACCACAGCAATCGCAATAAAACTAGGCCTTGTACCATTCCATTTCTGATTCCCAGAAGTCCTACAAGGCTCCCCCCTAACCACCGCAATATTACTATCAACAGTAATAAAATTTCCCCCAATTACCATTCTCCTCCTCACATCCCACTCACTAAACCCCACCCTACTTACCATAATAGCAATTGCCTCCGCTGCACTTGGGGGCTGAATAGGACTAAACCAGACACAGATCCGAAAAATCCTGGCCTTCTCCTCAATTTCTCACTTGGGCTGAATAACTATCATCCTCATCCACAACCCAAAACTAACACTAATAACATTCTATTTATACTGCATTATAACCGCTGCCATCTTCTTGACCCTAAATACAACAAAATCACTAAAACTATCAACAATAATAACTTCTTGAACAAAAATCCCCACACTAAATGCATCTCTAATAGTAATACTGCTATCACTAGCAGGCCTACCCCCACTAACAGGATTTCTCCCCAAGTGACTCATCATCCAAGAACTCTCTAAGCAAGAAATAACCACCGCCGCCACAATCGTCGCCCTCCTGTCTCTACTAAGCTTATTCTTCTACCTCCGCTTAGCCTACTACTCAACAATTACCCTTCCACCCAACCCCACAAACCATATAAAACAATGGTATATTAACAAACCCACAAACATTCTAATCGCCACACTTACTTCCCTATCAACCCTCCTACTCCCAATATCCCCAATAATCCTCACCTCCAT
"KJ602285.1 Phaethornis nattereri voucher LSUMZ_B-12859 NADH dehydrogenase subunit 2 (ND2) gene, partial cds; mitochondrial",KJ602285.1,Phaethornis nattereri,ATGAACCCNTATGCCAAACTAACATTTTCCCTAAGCCTCATCCTAGGAACAGCTATTACCATCTCAAGCAACCACTGAGTAATGGCCTGAACTGGACTTGAAATTAACACCCTAGCCATCATCCCCCTCATTTCAAAGCACCACCACCCACGAGCTATCGAAGCAGCAATCAAATACTTCTTAACCCAAGCGGCTGCCTCAACACTTCTTCTCTTCTCAAGCACAATCAATGCTTGATATACAGGACAATGAGATATTACCCAACTAAGTCATCCCACAGCCTCCTTACTTCTCACCACAGCAATCGCAATAAAACTTGGCTTAGTGCCATTCCACTTCTGATTTCCTGAAGTCCTACAAGGCTCACCCCTAACCACCGCAATACTACTATCAACAGTAATAAAATTTCCCCCAATTACCATCCTCCTTCTCACATCCCATTCACTAAATCCCACCCTACTTACCACAATAGCAATTGCCTCCGCTGCACTTGGGGGCTGAATAGGGCTAAACCAAACACAAATCCGAAAAATCCTGGCCTTCTCCTCAATTTCACACCTGGGCTGAATAACCATCATCCTCATCTTCAACCCAAAACTGACACTATTAACATTCTATCTATATTGCCTCATAACCGCCGCCATCTTCCTAACCCTGAACACAACAAAATCACTAAAACTATCAACAATAATAACTTCCTGAACAAAAGCCCCAACACTAAACGCATCCTTAATAGTAACACTATTATCACTAGCGGGCCTACCCCCACTAACAGGATTCCTTCCCAAGTGACTTATTATCCAAGAACTATCTAAACAAGAAATAACTCCTGCCGCCACAATCATCGCTATCCTCTCCCTACTAAGCTTATTCTTCTACCTCCGCCTAGCTTATTATTCAACAATCACCCTTCCACCCAACCCCACAAACCATATAAAACAATGGTATGCTAATAAGCCTACAAATGCCCTAATCGCCACACTCATCACCCTATCAACCTCCATTCTCCCAATGTCCCCAATAATCCTCGCCTCCATCTA
"KJ602286.1 Phaethornis philippii voucher LSUMZ_B-9020 NADH dehydrogenase subunit 2 (ND2) gene, partial cds; mitochondrial",KJ602286.1,Phaethornis philippii,ATGAACCCCTACGCTAAACTAACGTTCTCCTTAAGCCTTGCTCTAGGAACAATCATTACTATCTCTAGCAACCATTGAATAATGGCTTGAACTGGACTTGAAATCAACACCCTAGCCATCATCCCCCTCATTTCAAAACACCACCACCCACGAGCTATCGAAGCGGCAATCAAATACTTTCTAGTTCAAGCAGCCGCCTCAACACTCCTTCTCTTCTCAGGCACAATCAATGCTTGACATACAGGACAATGAGACATCACTCAACTAAATCACCCCACATCCTCCTTACTCTTAACCACAGCGATCGCAATGAAGCTAGGCCTAGTACCATTCCACTTCTGATTCCCAGAAGTCTTACAAGGCTCCCCCCTAACCACCGCAATACTACTATCAACAGTAATAAAATTCCCCCCAATTTCCATTCTCCTCCTCACATCCCACTCACTAAACCCCACCCTGCTTACCGCAATAGCAATCGCCTCCGCTGCACTCGGAGGTTGAATAGGGCTAAACCAAACGCAAATCCGAAAGATCCTAGCCTTCTCCTCAATTTCACACTTAGGCTGAATAACCATCATTCTCATCTACAACCCAAAACTAACACTAACAACATTCTATTTGTACTGTATTATAACCGCCGCCATCTTCCTAACTCTAAACACAACAAAATCCCTAAAACTGTCAACAATAATAACTTCCTGAACAAAAGCCCCAACACTAAACGCATCTCTAATAGTAGCACTACTATCACTAGCAGGCCTACCCCCACTAACAGGATTCCTTCCTAAATGGCTCATCATCCAAGAACTCTCCAAACAAGAAATAACTACCACAGCCACAATTATTGCTATCCTATCCTTACTAAGCTTATTTTTCTACCTCCGCCTAGCTTACTACTCAACAATCACCCTTCCACCCAGCCCCACAAACCATATAAAACAATGATACGCTAGCAAAYCCACAAACACCATAATCGCTACACTTATCTCCCTATCAACCCTCCTACTCCCAATAT
"AY830515.1 Phaethornis ruber voucher LSUMNS B-9481 NADH dehydrogenase subunit 2 (ND2) gene, complete cds; mitochondrial",AY830515.1,Phaethornis ruber,ATGAATCCCTATGCCAAATTAACATTCTCCCTAAGCCTCATCCTAGGGACAACCATTACCATCTCAAGCAACCACTGAATGATAGCCTGAACCGGACTTGAAATCAACACCCTAGCCATCGTCCCCCTTATTTCAAAGCACCACCACCCACGAGCCATCGAAGCAGCAATCAAATACTTCCTAACCCAGGCAGCTGCCTCAACACTCCTTCTATTCTCCAGCACAATCAATGCTTGACACACAGGGCAATGAGATATTACCCAACTAAGTCACCCCACAGCCTCCTTACTTCTTACCACGGCAATTGCAATAAAACTTGGCCTGGTGCCATTCCACTTCTGATTTCCAGAAGTCCTACAAGGCTCCCCCCTAACCACCGCAATACTACTATCAACAGTAATAAAATTTCCCCCAATTACCATCCTCCTTCTCACATCCCATTCACTAGACCCCACCCTACTTACCATAATAGCAATTGCCTCCGCTGCACTTGGGGGCTGAATAGGGTTAAACCAAACACAGATCCGAAAAATCCTAGCCTTCTCCTCAATTTCACACCTGGGCTGAATAACTATCATCCTCATCTATAACCCTAAACTGACACTACTAACATTCTACCTATACTGCTTCATAACCGCCACCATCTTCCTTACCCTGAACACAACAAAATCACTAAAACTATCAACAGTAATAACTTCCTGAACAAAAGCCCCAACACTAAGCGCATCTTTAATGATAACACTATTATCACTAGCGGGCCTACCCCCACTAACAGGATTCCTTCCCAAATGACTCATTATCCAAGAGCTATCTAAACAAGAAATAACTCCTACCGCCACAATTATCGCTATCCTCTCCCTACTAAGCTTATTCTTCTACCTCCGCCTAGCTTATTACTCAACAATCACCCTTCCACCCAACCCCACAAACCACATAAAACAATGATATGTTAGCAAGCCCACAAATACCCTAATCGCCACACTCATTACCCTATCAACCCTCCTTCTCCCAATGTCCCCAATAATCCTCGCCTCCATCTA
"KJ602291.1 Phaethornis squalidus voucher IAvH_4463 NADH dehydrogenase subunit 2 (ND2) gene, partial cds; mitochondrial",KJ602291.1,Phaethornis squalidus,ATGAACCCCTATGCCAAACTAACATTTTCCCTAAGCCTCATCCTAGGAACAGCTATTACCATCTCAAGCAACCACTGAATAATGGCCTGAACTGGACTTGAAATTAACACCCTAGCCATCATCCCCCTCATTTCAAAGCACCACCACCCACGAGCTATCGAAGCAGCAATCAAATACTTCTTAACCCAAGCAGCTGCCTCAACACTTCTTCTTTTCTCAAGCACAATCAATGCTTGATACACAGGACAATGAGATATTACCCAACTAAGTCATCCCACAGCCTCCTTACTTCTTACCACAGCAATCGCAATAAAACTTGGCTTAGTGCCATTCCACTTCTGATTTCCTGAAGTCCTACAAGGCTCACCCCTAACCACCGCAATACTACTATCAACAGTAATAAAATTTCCCCCAATTACCATCCTCCTTCTCACATCCCATTCACTAAATCCCACCCTACTTACCACAATAGCAATTGCCTCCGCTGCACTCGGAGGCTGAATAGGGCTAAACCAAACACAAATCCGAAAAATCCTGGCCTTCTCCTCAATCTCACACCTGGGCTGAATAACCATCATCCTCATCTTCAACCCAAAACTGACACTATTAACATTCTATCTATATTGCCTCATAACCGCCGCCATCTTCCTAACCCTGAACACAACAAAATCACTAAAACTATCAACAATAATAACCTCCTGAACAAAAGCCCCAACACTAAACGCATCCTTAATAATAACACTATTATCACTAGCGGGCCTACCCCCACTAACAGGATTCCTTCCCAAATGACTTATTATCCAAGAACTATCTAAACAAGAAATAACTCCTACCGCCACAATCATCGCCATCCTCTCCCTACTAAGCTTATTCTTCTACCTCCGCCTAGCTTATTACTCAACAATCACCCTTCCACCCAACCCCACAAACCATATAAAACAATGGTATGCTAATAAGCCTACAAATGCCCTAATCGCCACACTCATCACCCTATCAACCTCCCTTCTCCCAATGTCCCCAATAATCCTCGCCTCCATCTA
"FJ175767.1 Phaethornis striigularis voucher UAM 20246 NADH dehydrogenase subunit 2 (ND2) gene, complete cds; mitochondrial",FJ175767.1,Phaethornis striigularis,ATGAACCCCTATGCCAAATTAACATTCTCCCTGAGCCTCGTCCTAGGAACAACCATTACCATCTCAAGCAACCACTGAATGATGGCCTGAACTGGACTTGAAATTAACACCCTAGCCATCATCCCCCTCATTTCAAAGCACCACCACCCACGAGCTATCGAAGCAGCAATCAAATACTTCCTAACCCAAGCAGCTGCCTCAACACTCCTTCTATTCTCAAGCACAATCAATGCCTGGCACACAGGACAATGAGACATTACCCAACTAAGTCACCCCACAGCCTCCTTACTCCTCACCACGGCAATTGCAATAAAACTTGGCTTAGTGCCATTCCACTTCTGATTTCCAGAAGTCCTACAAGGCTCCCCCCTAACCACCGCAATACTACTATCAACAGTAATAAAATTTCCCCCAATCACCATCCTCCTTCTCACATCCCATTCACTAAATCCCACCCTACTTACCACAATAGCAATTGCTTCCGCTGCACTTGGGGGCTGAATAGGGTTAAACCAAACACAAATCCGAAAAATCCTAGCCTTCTCCTCAATTTCACACCTAGGCTGAATAACTATCATCCTCATCTACAACCCAAAACTGACACTATTAACATTCTATCTGTACTGCTTCATAACCGCCGCCATCTTCCTGACCCTGAACACAACAAAATCACTAAAACTATCAACAATAATAACTTCCTGAACAAAAACCCCAACACTAAACGCATCTTTTATGCTAACACTATTATCACTAGCGGGCCTACCCCCACTAACAGGATTCCTTCCCAAATGACTCATTATCCAAGAACTATCTAAACAAGAAATAACCCCTGCCGCCACAATTATCGCCATCCTCTCCCTACTAGGCCTATTTTTCTATCTCCGCCTAGCCTATTACTCAACAATTACCCTTCCACCCAACCCCACAAACCACATAAAACAATGATACGTTAACAAACCTGCAAATACCCTAATCGCCACACTCATCACCCTATCAACCCTCCTTCTCCCAATGTCCCCAATAATCCTCGCCTCCATCTAG
"MT437339.1 Phaethornis superciliosus voucher MPEG 71494 AM NADH dehydrogenase subunit 2 (ND2) gene, partial cds; mitochondrial",MT437339.1,Phaethornis superciliosus,ATGAACCCCTACGCTAAATTAGCATTCTCCCTAAGTCTCATCCTAGGAACAACCCTTACCATCTCAAGCAACCATTGAATAATAGCCTGAACCGGACTTGAAATCAACACCCTAGCCATCATCCCCCTCATTTCAAAGCACCACCACCCACGAGCCATCGAGGCAGCAATCAAATACTTTCTAGTCCAAGCAGCTGCCTCAACACTTCTTCTTTTCTCGAGCACAATCAATGCCTGACACACAGGACAGTGGGATATCACCCAACTAAGTCACCCCACATCCTCCCTACTCTTAACCACAGCAATCGCAATAAAACTAGGCCTAGTACCATTCCATTTCTGATTCCCGGAGGTCCTACAAGGCTCCCCCCTAACCACCGCAATATTACTGTCAACAGTAATAAAATTTCCCCCAATCACCATTCTCCTCCTCACATCCCACTCATTAAACCCCACCCTACTTACCATTATAGCAATTGCCTCCGCTGCACTTGGAGGCTGAATAGGACTAAACCAAACACAAATCCGAAAAATCCTGGCCTTCTCCTCAATTTCTCACTTGGGCTGAATAACTATCATCCTCATCCACAACCCAAAACTGACACTAATAACATTCTACCTATACTCCATTATAACCGCTGCCATCTTCTTGACCCTAAATACAACAAAATCACTAAAACTATCAACAATGATAACCTCTTGAACAAAAACCCCCACACTAAATGCATCTCTAATAGTAACACTACTATCATTAGCAGGCCTACCCCCACTAACAGGATTCCTCCCCAAGTGACTCATCATCCAAGAACTCTCTAAACAAGAAATAACGACCGCCGCCACAATCGTCGCCCTCCTATCTCTACTAAGCCTATTCTTCTACCTCCGCTTAGCTTACTACTCAACAATCACCCTTCCACCCAACCCCATAAACCACATAAAACAATGATATACTAGCAAACCTACAAACATTCTAATCGCCATACTTACCTCCCTATCAACCCTCCTACTCCCAATGTCCCCAATAATCCTCGCCTCC
"KY856708.1 Phaethornis syrmatophorus voucher LSUMZ 32634 NADH dehydrogenase subunit 2 (ND2) gene, partial cds; mitochondrial",KY856708.1,Phaethornis syrmatophorus,CCCATATGCTAAATTAACATTCTCCTTAAGCCTCATCCTAGGAACAACCATCACCATCTCAAGCAACCATTGAATACTAGCCTGAACTGGACTTGAAATCAACACCCTGGCCATCATCCCCCTCATTTCAAAACACCACCACCCACGAGCTACCGAAGCAGCAATCAAATACTTCCTAACCCAAGCAGCTGCCTCAACACTCCTTCTCTTCTCAAGCACAGTCAATGCTTGATACACGGGACAATGAGACATTACCCAACTAAATCACCCCACATCCTCTTTACTCCTGACCACAGCAATCGCAATAAAACTAGGCCTAGTACCATTCCACTTCTGATTCCCAGAAGTCCTACAAGGCTCCCCTCTAATCACCGCAATACTACTATCAACAGTTATAAAATTCCCCCCAATCACCATCCTTCTCCTCACATCCCACTCACTGAACCCCACCCTACTTACCACGATAGCAATCGCCTCCGCCGCACTTGGAGGCTGAATAGGACTAAACCAAACACAAATCCGAAAAATCCTAGCCTTCTCCTCAATTTCACACTTGGGCTGAATAACTATCATCCTTATCTACAACCCTAAACTAACACTAATAACATTCTACCTATACTGCATCGTAACTGCCACCATCTTCCTAACCCTAAACACAACAAAATCACTAAAACTATCAACAATAATGACCTCATGAACAAAAACCCCAACACTAAATGCATCCCTAATAGTAACACTACTATCACTAGCAGGCCTACCCCCACTGACAGGATTCCTCCCCAAGTGACTCACCATTCAAGAACTTTCCAAACAAGAGATAACCGCCGCCGCCACAATCATTGCAGTCCTATCCCTACTAAGCTTATTCTTCTACCTCCGCCTAGCTTACTACTCAACAATCACTCTCCCGCCCAACCCCACAAACCACATAAAACAATGATATGCTAACAAGCCTACAAACACTCTAATCGCCACACTTTCCTCCCTATCAACCCTCCTACTCCCAATGTCCCCAATAATCCTTGCCTCCATCTA
"EU042584.1 Phaethornis yaruqui voucher LSUMZ B-7812 NADH dehydrogenase subunit 2 (ND2) gene, complete cds; mitochondrial",EU042584.1,Phaethornis yaruqui,ATGAACCCCTATGCTAAATTAGCATTCTCCCTAAGTCTTACCCTAGGAACAACCCTTACCATCTCAAGCAACCATTGAATAATAGCCTGGACCGGGCTTGAGATCAACACCCTAGCCATCATCCCCCTCATCTCAAAGCATCACCACCCGCGAGCCATCGAAGCAGCAATCAAATACTTTCTAGTCCAAGCAGCTGCCTCAACACTTCTTCTCTTCTCGAGCACAATCAATGCCTGATACACAGGACAATGAGATATCACCCAACTAAACCACCCCACATCCTCCCTACTCTTAACCACAGCAATCGCAATGAAACTAGGCCTAGTACCCTTCCACTTCTGATTCCCAGAAGTCCTACAAGGCTCTCCCCTAACCACCGCAATATTACTATCAACAGTAATAAAATTTCCCCCAATTACCATCCTCCTCCTCACATCTCACTCACTAAATCCCACCCTACTTACCATAATAGCAGTCGCCTCTGCTGCGCTCGGAGGCTGAATAGGACTAAACCAAACACAAATCCGAAAAATCCTAGCCTTCTCCTCAATTTCACACCTAGGCTGAATAACTATCATCCTCATCTATAACCCCAAACTGACACTAATAGCATTCTACCTATACTGTATCATAACCGCCACCATCTTCTTCTCCCTAAACACAACAAAATCGCTAAAACTATCAACAATAATGACTTCTTGAGCAAAGACCCCCGCACTAAATGCATCTCTAATAATAACACTTCTATCACTAGCTGGTCTACCTCCACTAACGGGATTCCTCCCCAAGTGACTCATCATCCAAGAGCTCTCTAAACAAGAAATAACAGCCACCGCCACAATCATTGCTCTCCTATCTCTACTAAGCCTATTTTTCTACCTCCGCTTAGCTTACTACTCAACAATTACCCTTCCACCCAGCCCCACGAACCACATAAAACAATGATATGTTAACAAACCTACGAACACTCTAATCGCCTCACTTACCTCCCTATCAACCCTCCTACTCCCAATGTCCCCAATGATCCTCGCCTCCATCTAG
